{"cameraMode":{"drawMode":2,"name":"Shaded Wireframe","section":"Shading Mode"},"sceneLighting":false,"audioPlay":false,"sceneViewState":{"showFog":true,"showMaterialUpdate":false,"showSkybox":false,"showFlares":true,"showImageEffects":true,"showParticleSystems":true},"in2DMode":false,"pivot":{"x":-3.4884305000305177,"y":1.4607805013656617,"z":-0.02940697968006134},"rotation":{"x":-0.1889151930809021,"y":-0.6995095610618591,"z":0.20040544867515565,"w":-0.6595115661621094},"size":1.2440826892852784,"orthographic":false}