{"cameraMode":{"drawMode":0,"name":"Shaded","section":"Shading Mode"},"sceneLighting":false,"audioPlay":false,"sceneViewState":{"showFog":true,"showMaterialUpdate":false,"showSkybox":true,"showFlares":true,"showImageEffects":true,"showParticleSystems":true},"in2DMode":false,"pivot":{"x":16.21304702758789,"y":-16.025959014892579,"z":50.52811050415039},"rotation":{"x":0.150787353515625,"y":0.35165372490882876,"z":-0.05729427933692932,"w":0.9222209453582764},"size":40.3947639465332,"orthographic":false}