{"cameraMode":{"drawMode":2,"name":"Shaded Wireframe","section":"Shading Mode"},"sceneLighting":false,"audioPlay":false,"sceneViewState":{"showFog":true,"showMaterialUpdate":false,"showSkybox":false,"showFlares":true,"showImageEffects":true,"showParticleSystems":true},"in2DMode":false,"pivot":{"x":-15.780749320983887,"y":7.837878227233887,"z":31.297786712646486},"rotation":{"x":-0.08627054840326309,"y":-0.7908936738967896,"z":0.11468598991632462,"w":-0.5949882864952087},"size":211.6433563232422,"orthographic":false}