{"cameraMode":{"drawMode":0,"name":"Shaded","section":"Shading Mode"},"sceneLighting":true,"audioPlay":false,"sceneViewState":{"showFog":true,"showMaterialUpdate":true,"showSkybox":true,"showFlares":true,"showImageEffects":true,"showParticleSystems":true},"in2DMode":false,"pivot":{"x":-20.541427612304689,"y":1.080046534538269,"z":33.023929595947269},"rotation":{"x":0.08666810393333435,"y":-0.7122568488121033,"z":0.0893615260720253,"w":0.6907998323440552},"size":9.201696395874024,"orthographic":false}